Age,Gender,Department,Job_Title,Years_at_Company,Satisfaction_Level,Average_Monthly_Hours,Promotion_Last_5Years,Salary,Attrition,Satisfaction_Hours,Salary_Rank,Satisfaction_Tenure,Department_Attrition_Rate,Department_Satisfaction_Impact,Satisfaction_Per_Hour
53,1,Sales,Engineer,10,0.2611608894502527,221,1,79947,0,57.716556568505844,Medium,2.6116088945025266,0.49282296650717705,0.12870608427452646,0.0011817234816753515
44,1,Sales,Engineer,10,0.6362438875959893,229,1,74307,0,145.69985025948154,Medium,6.362438875959892,0.49282296650717705,0.31355560010711436,0.0027783575877554116
47,0,Sales,HR Specialist,10,0.8890176690263424,237,0,97212,0,210.69718755924313,High,8.890176690263424,0.49282296650717705,0.43812832492685777,0.0037511294051744406
58,0,Marketing,HR Specialist,5,0.6889765787941906,155,1,97865,0,106.79136971309954,High,3.444882893970953,0.42105263157894735,0.2900954015975539,0.0044450101857689715
34,1,Finance,Accountant,6,0.010380901722245,177,1,88747,1,1.837419604837365,High,0.06228541033347,0.5194174757281553,0.005392021768350558,5.864916227257062e-05
57,1,HR,HR Specialist,5,0.3626250696783515,178,1,82510,1,64.54726240274657,High,1.8131253483917575,0.5026178010471204,0.18226181512629186,0.0020372194925750084
28,0,Finance,Accountant,9,0.5187154765048624,169,1,79639,0,87.66291552932174,Medium,4.668439288543762,0.5194174757281553,0.26942988342728286,0.0030693223461826175
45,1,HR,Manager,5,0.5232801758648524,154,1,99568,1,80.58514708318728,High,2.616400879324262,0.5026178010471204,0.26300993132474254,0.003397923219901639
27,1,Finance,Manager,10,0.0985981855870322,211,1,89409,1,20.804217158863796,High,0.985981855870322,0.5194174757281553,0.05121362066899245,0.0004672899790854607
45,0,Engineering,HR Specialist,4,0.6455399096929486,172,0,94005,0,111.03286446718717,High,2.5821596387717944,0.5343137254901961,0.3449208341006441,0.0037531390098427247
53,0,Marketing,HR Specialist,9,0.6232736072503224,216,1,99093,0,134.62709916606966,High,5.609462465252902,0.42105263157894735,0.2624309925264515,0.0028855259594922334
58,1,Sales,Manager,4,0.921873191428868,160,1,95910,0,147.49971062861889,High,3.687492765715472,0.49282296650717705,0.4543202809434134,0.005761707446430425
46,1,Marketing,Engineer,9,0.2122397241251595,162,1,80913,1,34.382835308275844,High,1.9101575171264356,0.42105263157894735,0.08936409436848822,0.0013101217538590093
58,0,Finance,Analyst,3,0.6147826229331329,194,1,85496,1,119.26782884902778,High,1.8443478687993986,0.5194174757281553,0.31932883812546226,0.003168982592438829
37,0,Engineering,Analyst,6,0.791576766925783,191,1,91627,1,151.19116248282455,High,4.7494606015546985,0.5343137254901961,0.42295033134759974,0.004144380978669021
28,1,Marketing,Analyst,10,0.3549899515460142,203,1,91703,1,72.06296016384088,High,3.549899515460142,0.42105263157894735,0.14946945328253228,0.0017487189731330748
36,1,HR,Accountant,6,0.637980114052539,154,0,84288,1,98.248937564091,High,3.8278806843152338,0.5026178010471204,0.3206601620368782,0.004142728013328175
59,0,HR,HR Specialist,7,0.9634812500143196,212,0,86371,0,204.25802500303575,High,6.744368750100238,0.5026178010471204,0.48426282723232816,0.004544722877426036
47,0,HR,Accountant,5,0.5478731972934493,247,1,80887,0,135.32467973148198,High,2.7393659864672464,0.5026178010471204,0.2753708216762886,0.0022181101104997948
43,0,Finance,Accountant,5,0.6735533011395514,201,0,70977,0,135.38421352904982,Medium,3.367766505697757,0.5194174757281553,0.34985535544627183,0.0033510114484554794
52,0,Sales,HR Specialist,6,0.4215038668673729,161,1,99265,0,67.86212256564704,High,2.5290232012042373,0.49282296650717705,0.20772678606382494,0.002618036440170018
31,1,Finance,HR Specialist,7,0.4564732871729066,214,0,85764,1,97.68528345500201,High,3.195313010210346,0.5194174757281553,0.23710020256068448,0.002133052743798629
51,1,Marketing,Engineer,3,0.2837823264347497,226,1,87567,1,64.13480577425344,High,0.8513469793042492,0.42105263157894735,0.11948729534094724,0.001255674010773229
52,0,Marketing,Accountant,5,0.5888936453962129,236,0,98061,0,138.97890031350624,High,2.9444682269810647,0.42105263157894735,0.2479552191141949,0.002495312056763614
36,0,Sales,Accountant,8,0.6884839803327588,160,1,71087,0,110.1574368532414,Medium,5.5078718426620705,0.49282296650717705,0.33930071758025915,0.004303024877079743
50,0,Sales,Accountant,8,0.7533324155402383,214,1,89560,1,161.213136925611,High,6.026659324321907,0.49282296650717705,0.37125951579255767,0.00352024493243102
36,1,Marketing,Accountant,9,0.887494139095514,245,0,82313,1,217.43606407840093,High,7.987447251859626,0.42105263157894735,0.3736817427770585,0.0036224250575327102
28,0,Finance,Analyst,8,0.3493494556603072,202,1,91589,1,70.56859004338204,High,2.7947956452824574,0.5194174757281553,0.18145821240608187,0.0017294527507935998
34,1,HR,Analyst,6,0.9399064112380012,168,0,80456,1,157.9042770879842,High,5.639438467428008,0.5026178010471204,0.4724136936065346,0.005594681019273817
48,0,HR,Engineer,8,0.517683817968095,154,1,72928,0,79.72330796708664,Medium,4.14147054374476,0.5026178010471204,0.2601971022248017,0.003361583233559059
39,0,Engineering,Engineer,5,0.4331143300314448,168,0,74105,0,72.76320744528272,Medium,2.165571650157224,0.5343137254901961,0.23141893124229157,0.0025780614882824093
35,0,Finance,Manager,4,0.7129372727018383,190,1,99801,1,135.45808181334928,High,2.851749090807353,0.5194174757281553,0.3703120785393043,0.003752301435272833
47,1,Engineering,Manager,5,0.3984517643541418,153,1,97606,1,60.963119946183696,High,1.9922588217707091,0.5343137254901961,0.2128982466402032,0.002604259897739489
50,1,Sales,Analyst,1,0.9164436095186694,173,1,97663,0,158.54474444672982,High,0.9164436095186694,0.49282296650717705,0.45164445827953564,0.005297361904732193
25,0,HR,Analyst,1,0.8070531852055509,204,1,71807,0,164.63884978193238,Medium,0.8070531852055509,0.5026178010471204,0.4056392972760884,0.003956143064733093
54,1,Engineering,Analyst,1,0.8616317688824431,218,0,90011,0,187.8357256163726,High,0.8616317688824431,0.5343137254901961,0.4603816804322858,0.0039524393068001975
26,0,HR,Engineer,10,0.0013764983438844,157,1,91398,0,0.2161102399898508,High,0.013764983438844,0.5026178010471204,0.00069185257074818,8.767505375059873e-06
29,1,HR,Engineer,7,0.4270432429444565,237,0,78600,0,101.20924857783619,Medium,2.9893027006111956,0.5026178010471204,0.21463953572077393,0.0018018702233943311
55,1,Finance,Engineer,3,0.2238283761976296,196,0,74424,1,43.870361734735404,Medium,0.6714851285928888,0.5194174757281553,0.1162603701609047,0.001141981511212396
31,0,Sales,Manager,2,0.4489629871717319,201,0,84407,0,90.24156042151812,High,0.8979259743434638,0.49282296650717705,0.22125927118989658,0.0022336467023469247
38,1,Sales,Analyst,5,0.3412185341167113,225,1,76806,1,76.77417017626004,Medium,1.7060926705835566,0.49282296650717705,0.16816033021062807,0.0015165268182964948
53,0,HR,Manager,4,0.006573661720984,150,1,81919,1,0.9860492581475999,High,0.026294646883936,0.5026178010471204,0.003304039399028607,4.3824411473226666e-05
45,0,Engineering,Engineer,10,0.2854002730521404,165,1,70060,0,47.09104505360316,Medium,2.8540027305214037,0.5343137254901961,0.15249328315040833,0.0017296986245584267
57,1,Marketing,Manager,4,0.6625437194169094,244,1,99321,0,161.66066753772589,High,2.6501748776676375,0.42105263157894735,0.2789657765965934,0.002715343112364383
49,1,HR,Analyst,7,0.7042036468911899,187,0,93226,1,131.6860819686525,High,4.929425528238329,0.5026178010471204,0.35394528848981266,0.003765794903161443
38,0,Finance,Engineer,8,0.811996955812486,161,1,81389,1,130.73150988581025,High,6.495975646499888,0.5194174757281553,0.42176540908706794,0.005043459352872584
39,1,Engineering,Engineer,2,0.7920330007370426,207,1,70941,0,163.95083115256782,Medium,1.5840660014740853,0.5343137254901961,0.42319410333498847,0.0038262463803721866
31,0,Marketing,Engineer,6,0.8772395539982745,182,0,99476,1,159.65759882768594,High,5.263437323989647,0.42105263157894735,0.36936402273611557,0.0048199975494410685
31,1,Sales,Accountant,4,0.9360951479087892,209,0,73359,0,195.64388591293695,Medium,3.744380591635157,0.49282296650717705,0.46132918772538417,0.004478924152673633
50,0,Marketing,Engineer,5,0.3385658495620338,160,0,99328,0,54.17053592992541,High,1.692829247810169,0.42105263157894735,0.14255404192085633,0.002116036559762711
26,1,Engineering,Engineer,6,0.0507593323184546,226,1,97181,0,11.47160910397074,High,0.30455599391072763,0.5343137254901961,0.02712140795446839,0.00022459881556838318
48,1,Sales,Engineer,4,0.7517409791142201,239,1,98429,1,179.66609400829861,High,3.0069639164568804,0.49282296650717705,0.3704752193720798,0.0031453597452477827
58,0,Sales,HR Specialist,4,0.9485216582843012,199,0,93166,1,188.75580999857596,High,3.794086633137205,0.49282296650717705,0.46745325743197624,0.004766440493890961
48,1,Engineering,Manager,7,0.8895685676398605,184,0,87607,0,163.68061644573433,High,6.226979973479024,0.5343137254901961,0.47530869545463134,0.004834611780651416
30,1,Finance,Engineer,2,0.8783340929817791,232,0,97217,0,203.77350957177276,High,1.7566681859635582,0.5194174757281553,0.4562220774225746,0.003785922814576634
43,0,Finance,HR Specialist,10,0.0725329921472728,235,0,80112,0,17.045253154609107,High,0.725329921472728,0.5194174757281553,0.03767490368814655,0.0003086510304139268
43,0,HR,Analyst,9,0.160936631676983,154,0,74736,0,24.78424127825538,Medium,1.4484296850928469,0.5026178010471204,0.08088961592141554,0.0010450430628375518
36,1,Engineering,Analyst,8,0.4173950950837386,161,0,73980,0,67.20061030848191,Medium,3.339160760669909,0.5343137254901961,0.223019928255527,0.002592516118532538
51,0,Finance,HR Specialist,3,0.3023636190219053,240,0,78603,1,72.56726856525727,Medium,0.9070908570657159,0.5194174757281553,0.1570529477443877,0.001259848412591272
35,1,Marketing,HR Specialist,1,0.6772484897936986,247,0,92394,0,167.28037697904355,High,0.6772484897936986,0.42105263157894735,0.28515725886050464,0.002741896719812545
48,1,Sales,Manager,8,0.5134980096275745,194,1,76164,0,99.61861386774946,Medium,4.107984077020596,0.49282296650717705,0.25306361240019226,0.0026468969568431678
52,1,HR,Manager,5,0.7724070601221441,156,0,90927,0,120.49550137905447,High,3.8620353006107204,0.5026178010471204,0.388225538071863,0.004951327308475283
28,1,Marketing,Analyst,6,0.5649615759251972,190,1,86897,1,107.34269942578747,High,3.3897694555511837,0.42105263157894735,0.23787855828429355,0.0029734819785536696
39,1,HR,HR Specialist,9,0.0910879874587776,175,1,85229,1,15.940397805286079,High,0.8197918871289983,0.5026178010471204,0.04578244395833848,0.0005205027854787291
48,0,Marketing,Analyst,7,0.0333534333975008,199,0,70990,0,6.637333246102659,Medium,0.23347403378250559,0.42105263157894735,0.01404355090421086,0.0001676051929522653
29,0,HR,Engineer,1,0.3961343284493179,217,1,79792,0,85.96114927350199,Medium,0.3961343284493179,0.5026178010471204,0.1991041650844739,0.001825503817738792
30,0,Sales,Analyst,8,0.0921735546792628,203,0,81499,1,18.71123159989035,High,0.7373884374341024,0.49282296650717705,0.04542524465054579,0.00045405691960227984
34,0,Sales,Engineer,4,0.1227164388223442,243,1,81233,0,29.82009463382964,High,0.4908657552893768,0.49282296650717705,0.060477479419624176,0.0005050059210796058
30,1,Engineering,Manager,4,0.6701890034215886,200,1,81470,1,134.03780068431772,High,2.6807560136863544,0.5343137254901961,0.3580911832007508,0.003350945017107943
40,1,Sales,Manager,6,0.6160906716553524,159,1,78348,1,97.95841679320102,Medium,3.696544029932114,0.49282296650717705,0.30362363244258994,0.0038747840984613355
53,1,Marketing,HR Specialist,6,0.8483024809768728,211,1,94455,1,178.99182348612015,High,5.089814885861236,0.42105263157894735,0.3571799919902622,0.004020390905103663
27,1,Finance,Engineer,2,0.3771194813590839,240,1,83240,0,90.50867552618014,High,0.7542389627181678,0.5194174757281553,0.1958824490554465,0.0015713311723295164
28,1,Marketing,Manager,9,0.8042511218402405,249,0,81682,0,200.2585293382199,High,7.238260096562165,0.42105263157894735,0.33863205130115387,0.0032299241840973514
59,1,HR,Engineer,10,0.336936894902293,206,0,79759,0,69.40900034987236,Medium,3.36936894902293,0.5026178010471204,0.16935048120743523,0.0016356159946713253
46,0,Engineering,Accountant,4,0.0231538689385493,200,0,88563,1,4.63077378770986,High,0.0926154757541972,0.5343137254901961,0.012371429972068007,0.0001157693446927465
50,0,Engineering,Accountant,8,0.7774639950536905,190,1,83237,0,147.71815906020117,High,6.219711960429524,0.5343137254901961,0.4154096836316287,0.004091915763440476
27,1,Finance,Engineer,3,0.2367118910950432,232,1,83418,0,54.91715873405002,High,0.7101356732851296,0.5194174757281553,0.12295229294742535,0.001020309875409669
57,1,Sales,Accountant,3,0.7764093193819304,162,0,94226,1,125.77830973987273,High,2.329227958145791,0.49282296650717705,0.3826323440016212,0.004792650119641546
50,1,HR,Engineer,8,0.7702804181721487,188,0,89030,0,144.81271861636395,High,6.162243345377189,0.5026178010471204,0.3871566499713417,0.004097236266873131
31,1,Sales,Analyst,6,0.4642991998299196,225,0,82445,0,104.4673199617319,High,2.7857951989795176,0.49282296650717705,0.22881730900708955,0.002063551999244087
58,0,Finance,Manager,7,0.8295769203155995,171,1,75352,1,141.8576533739675,Medium,5.807038442209197,0.5194174757281553,0.43089674987266574,0.004851327019389471
43,1,Finance,Accountant,6,0.3054174448214515,156,0,78972,1,47.645121392146436,Medium,1.832504668928709,0.5194174757281553,0.1586391582325015,0.001957804133470843
34,1,HR,Analyst,10,0.1637995479163777,215,1,73460,1,35.21690280202121,Medium,1.6379954791637772,0.5026178010471204,0.0823285685862422,0.0007618583624017568
39,1,Engineering,Manager,4,0.3061616713893539,184,0,80067,0,56.333747535641116,High,1.2246466855574156,0.5343137254901961,0.16358638324235086,0.0016639221271160538
29,1,Sales,Engineer,9,0.1852126533590471,219,1,95558,1,40.561571085631314,High,1.6669138802314238,0.49282296650717705,0.09127704926307106,0.0008457198783518133
46,0,HR,Analyst,9,0.0375936192855995,171,0,81643,1,6.4285088978375144,High,0.3383425735703955,0.5026178010471204,0.018895222258730637,0.00021984572681637134
57,0,HR,HR Specialist,10,0.2148940840112981,171,0,79587,1,36.74688836593197,Medium,2.148940840112981,0.5026178010471204,0.1080095919637938,0.001256690549773673
26,1,HR,Manager,5,0.4153439815008105,169,1,83416,1,70.19313287363697,High,2.0767199075040526,0.5026178010471204,0.20875927866009322,0.002457656695271068
59,1,Engineering,Accountant,8,0.0137141317169722,165,0,87098,1,2.262831733300413,High,0.1097130537357776,0.5343137254901961,0.007327648809558675,8.311594979983151e-05
51,0,Finance,HR Specialist,3,0.189753019799455,186,1,71794,0,35.29406168269863,Medium,0.569259059398365,0.5194174757281553,0.09856103455602759,0.0010201775258035215
47,0,HR,Engineer,8,0.755911845876967,210,1,88219,0,158.74148763416306,High,6.047294767015736,0.5026178010471204,0.37993474976015096,0.0035995802184617476
50,0,Marketing,Analyst,8,0.6066135893872816,160,1,72592,0,97.05817430196505,Medium,4.852908715098253,0.42105263157894735,0.2554162481630659,0.00379133493367051
35,1,Marketing,Analyst,3,0.8827206930170112,245,0,85608,0,216.26656978916773,High,2.6481620790510334,0.42105263157894735,0.3716718707440047,0.003602941604151066
44,1,Finance,Engineer,8,0.2385849578117387,223,0,91789,0,53.20444559201773,High,1.9086796624939095,0.5194174757281553,0.12392519653328174,0.0010698877031916534
55,1,Finance,Accountant,6,0.0535917321415621,153,1,99859,0,8.199535017659,High,0.3215503928493726,0.5194174757281553,0.027836482228869634,0.0003502727590951771
44,1,HR,Manager,4,0.1758740923768769,151,0,76479,0,26.55698794890841,Medium,0.7034963695075076,0.5026178010471204,0.08839744957162399,0.0011647290885885887
39,1,Finance,Engineer,2,0.009966415273378,217,1,80791,1,2.162712114323026,High,0.019932830546756,0.5194174757281553,0.005176730263356534,4.5928180983308755e-05
54,1,Finance,Accountant,9,0.3139374508363791,239,1,83385,0,75.0310507498946,High,2.8254370575274117,0.5194174757281553,0.1630645982499639,0.0013135458193990757
44,1,Marketing,Analyst,3,0.5606912803950348,172,1,76642,0,96.43890022794598,Medium,1.6820738411851044,0.42105263157894735,0.23608053911369886,0.0032598330255525277
26,1,HR,HR Specialist,6,0.3066678685829709,228,1,91402,1,69.92027403691736,High,1.8400072114978254,0.5026178010471204,0.15413672975898013,0.0013450345113288197
30,1,Sales,Engineer,6,0.4791137622140829,166,1,85225,0,79.53288452753776,High,2.8746825732844976,0.49282296650717705,0.23611826558875856,0.002886227483217367
38,0,Sales,Engineer,8,0.5406084474308369,150,1,99113,0,81.09126711462554,High,4.324867579446695,0.49282296650717705,0.26642425878170434,0.0036040563162055795
58,0,Marketing,Analyst,6,0.760693108569961,169,0,78975,1,128.5571353483234,Medium,4.564158651419766,0.42105263157894735,0.320291835187352,0.004501142654260124
54,1,Sales,HR Specialist,5,0.8744153954319644,195,1,77459,0,170.51100210923306,Medium,4.372076977159822,0.49282296650717705,0.43093198913632697,0.004484181515035715
31,1,Marketing,HR Specialist,1,0.2703892784035099,193,0,88083,0,52.185130731877415,High,0.2703892784035099,0.42105263157894735,0.11384811722253048,0.0014009807171166317
42,1,Marketing,Manager,1,0.1770437506495654,202,1,73275,1,35.762837631212214,Medium,0.1770437506495654,0.42105263157894735,0.07454473711560648,0.0008764542111364624
41,0,Engineering,Accountant,6,0.7803496805113143,172,1,80830,1,134.22014504794606,High,4.682098083067886,0.5343137254901961,0.4169515449790846,0.004536916747158804
44,1,HR,Engineer,4,0.8356135046986773,150,1,99851,1,125.3420257048016,High,3.3424540187947094,0.5026178010471204,0.4199942222569268,0.005570756697991183
41,1,Engineering,HR Specialist,5,0.7467441907538663,232,0,75106,0,173.24465225489698,Medium,3.733720953769332,0.5343137254901961,0.39899567054985996,0.0032187249601459754
53,1,HR,Accountant,9,0.725742444705897,202,0,88135,1,146.59997383059118,High,6.531682002353073,0.5026178010471204,0.3647710716846393,0.003592784379732163
59,0,Sales,Engineer,9,0.4221404816997965,165,1,71466,0,69.65317948046642,Medium,3.7992643352981688,0.49282296650717705,0.2080405244740624,0.0025584271618169486
25,0,Engineering,Manager,2,0.3884866429799543,206,1,96349,1,80.02824845387057,High,0.7769732859599086,0.5343137254901961,0.2075737455137991,0.0018858574901939528
57,1,HR,HR Specialist,5,0.7351240744383988,158,0,84618,1,116.149603761267,High,3.675620372191994,0.5026178010471204,0.36948644579102763,0.004652684015432904
44,1,Engineering,Engineer,7,0.8822248592017625,213,1,97161,0,187.91389500997542,High,6.175574014412337,0.5343137254901961,0.47138485124015744,0.004141900747426115
31,1,HR,HR Specialist,7,0.8242514718170053,167,1,91779,0,137.6499957934399,High,5.769760302719037,0.5026178010471204,0.41428346227451573,0.004935637555790451
51,1,Marketing,Analyst,3,0.4703071038271061,200,0,87771,0,94.06142076542122,High,1.4109213114813184,0.42105263157894735,0.19802404371667626,0.0023515355191355307
32,1,HR,Analyst,1,0.4200610152440176,216,0,94728,0,90.7331792927078,High,0.4200610152440176,0.5026178010471204,0.21113014378756906,0.0019447269224260075
25,0,Sales,Accountant,2,0.50317012254502,199,0,85996,1,100.13085438645899,High,1.00634024509004,0.49282296650717705,0.24797379245041656,0.0025284930781156786
27,1,Engineering,Manager,9,0.4617250577881855,159,0,88666,1,73.4142841883215,High,4.155525520093669,0.5343137254901961,0.24670603577898148,0.0029039311810577706
59,1,Sales,Analyst,3,0.2117559825197309,159,0,71088,0,33.66920122063721,Medium,0.6352679475591927,0.49282296650717705,0.10435821148101572,0.0013317986321995654
27,1,Finance,Engineer,1,0.8910545559323334,210,0,96615,0,187.12145674579003,High,0.8910545559323334,0.5194174757281553,0.46282930817844503,0.004243116933011112
57,1,Finance,Accountant,7,0.2602679150854744,178,1,98610,1,46.32768888521445,High,1.821875405598321,0.5194174757281553,0.135187703466727,0.0014621792982330024
55,0,Marketing,Analyst,3,0.6027934107244243,181,1,86372,1,109.10560734112079,High,1.8083802321732727,0.42105263157894735,0.2538077518839681,0.0033303503354940567
28,1,HR,Engineer,3,0.185515194861696,171,1,92828,0,31.723098321350015,High,0.556545584585088,0.5026178010471204,0.09324323930221369,0.0010848841804777542
56,0,Sales,Manager,7,0.806804516980408,187,0,97244,0,150.87244467533628,High,5.647631618862856,0.49282296650717705,0.3976117954496748,0.00431446265764924
52,0,HR,Engineer,6,0.5964382479783219,184,1,88353,0,109.74463762801123,High,3.5786294878699314,0.5026178010471204,0.2997804806592613,0.0032415122172734885
52,0,Sales,HR Specialist,10,0.2646727531603636,192,0,73863,0,50.81716860678981,Medium,2.646727531603636,0.49282296650717705,0.1304368113661122,0.0013785039227102271
46,1,Sales,Engineer,3,0.0369002855111018,226,0,70714,1,8.339464525509007,Medium,0.11070085653330539,0.49282296650717705,0.01818530817054299,0.00016327559960664512
45,0,Marketing,Engineer,6,0.365983240298922,174,0,70764,0,63.681083812012425,Medium,2.195899441793532,0.42105263157894735,0.15409820644165134,0.002103351955740931
31,0,Finance,HR Specialist,9,0.7828370645474625,192,1,84159,1,150.3047163931128,High,7.045533580927162,0.5194174757281553,0.406619251973682,0.004077276377851367
49,0,Sales,Engineer,2,0.9017869230139792,176,1,73713,0,158.71449845046035,Medium,1.8035738460279584,0.49282296650717705,0.4444213065571285,0.0051237893353067
52,1,Finance,Accountant,9,0.5629894058751663,169,0,75176,1,95.14520959290311,Medium,5.066904652876497,0.5194174757281553,0.2924265360613728,0.0033312982596163687
26,1,Engineering,Manager,8,0.320226591672993,247,1,93742,0,79.09596814322927,High,2.561812733383944,0.5343137254901961,0.17110146319782468,0.001296463933898757
45,1,Engineering,Engineer,2,0.6366619531589183,152,1,95571,1,96.77261688015558,High,1.2733239063178365,0.5343137254901961,0.34017722007020634,0.004188565481308673
30,0,Marketing,Engineer,8,0.1762293065970128,155,1,85832,1,27.315542522536983,High,1.4098344527761024,0.42105263157894735,0.07420181330400538,0.0011369632683678244
50,0,HR,Accountant,3,0.3043348914060151,162,0,76410,0,49.302252407774446,Medium,0.9130046742180453,0.5026178010471204,0.1529641339004055,0.001878610440777871
53,0,Marketing,Engineer,3,0.9640995577834895,246,0,71557,0,237.16849121473842,Medium,2.8922986733504685,0.42105263157894735,0.4059366559088377,0.003919103893428819
26,0,Finance,Manager,9,0.8943357833843707,206,0,85613,0,184.23317137718035,High,8.049022050459337,0.5194174757281553,0.46453363505887213,0.004341435841671702
46,0,Engineering,Accountant,8,0.2451864562889136,151,0,81026,1,37.02315489962596,High,1.961491650311309,0.5343137254901961,0.13100648889946853,0.0016237513661517457
53,0,HR,Manager,4,0.1084019326349473,197,1,81995,0,21.355180729084616,High,0.4336077305397892,0.5026178010471204,0.05448474101023529,0.0005502636174362807
56,0,Engineering,Accountant,5,0.8423685430393906,185,1,93469,1,155.83818046228726,High,4.211842715196953,0.5343137254901961,0.45008907446712537,0.004553343475888597
50,0,Engineering,Manager,3,0.8457289042540396,216,0,93274,0,182.67744331887255,High,2.537186712762119,0.5343137254901961,0.4518845615867172,0.0039154115937687015
27,1,Sales,Manager,1,0.1081703549776673,225,1,71482,0,24.338329869975144,Medium,0.1081703549776673,0.49282296650717705,0.053308835228228386,0.00048075713323407693
57,0,Marketing,HR Specialist,1,0.0060716846194112,154,0,92876,1,0.9350394313893249,High,0.0060716846194112,0.42105263157894735,0.0025564987871205054,3.942652350267013e-05
30,1,Finance,Engineer,2,0.9545633316007254,213,0,93674,1,203.3219896309545,High,1.9091266632014507,0.5194174757281553,0.49581687612270686,0.0044815179887358
28,0,Finance,HR Specialist,9,0.9628938462220566,248,0,87053,1,238.79767386307006,High,8.66604461599851,0.5194174757281553,0.5001438909988353,0.0038826364767018413
51,0,Engineering,HR Specialist,7,0.0231207394497554,241,0,88569,0,5.572098207391051,High,0.1618451761482878,0.5343137254901961,0.012353728431486953,9.593667821475271e-05
44,0,Marketing,Accountant,4,0.9905958525623222,208,1,94735,1,206.04393733296303,High,3.9623834102492888,0.42105263157894735,0.41709299055255666,0.00476248006039578
54,0,Marketing,Accountant,9,0.8066039730769589,156,1,89623,0,125.83021980000558,High,7.259435757692629,0.42105263157894735,0.3396227255060879,0.005170538288954864
34,0,Sales,Accountant,8,0.4296447968665909,167,0,77841,0,71.75068107672068,Medium,3.4371583749327272,0.49282296650717705,0.2117388233361668,0.0025727233345304843
47,0,Engineering,Accountant,7,0.5155894686947047,207,0,89157,1,106.72702001980387,High,3.6091262808629327,0.5343137254901961,0.27548652984177846,0.0024907703801676554
27,1,Engineering,Engineer,3,0.5022812095831239,164,1,79253,1,82.37411837163232,Medium,1.5068436287493718,0.5343137254901961,0.2683757443360809,0.0030626903023361217
42,1,Sales,Accountant,10,0.6740807360007953,167,0,90843,1,112.57148291213282,High,6.740807360007953,0.49282296650717705,0.3322024679812532,0.004036411592819133
51,1,Marketing,Manager,2,0.2450548574252506,221,0,73505,0,54.15712349098038,Medium,0.4901097148505012,0.42105263157894735,0.1031809926001055,0.0011088455087115412
41,0,HR,Manager,9,0.7516758257044254,157,0,92988,1,118.01310463559479,High,6.765082431339828,0.5026178010471204,0.3778056506158368,0.0047877441127670405
27,1,Sales,Manager,10,0.1785318270700687,150,1,91629,0,26.779774060510306,High,1.785318270700687,0.49282296650717705,0.08798458463261759,0.0011902121804671247
28,0,HR,Accountant,8,0.7388170621493996,241,0,73737,1,178.0549119780053,Medium,5.910536497195197,0.5026178010471204,0.3713426071536249,0.003065630963275517
32,1,Sales,Manager,7,0.0706451087667084,196,0,78476,1,13.846441318274847,Medium,0.49451576136695885,0.49282296650717705,0.03481553207163141,0.0003604342284015735
31,0,Sales,Accountant,4,0.4721937125242693,155,0,72188,0,73.19002544126174,Medium,1.8887748500970771,0.49282296650717705,0.23270790617224754,0.0030464110485436727
54,1,Engineering,Accountant,2,0.031009276234046,221,0,71440,1,6.853050047724166,Medium,0.062018552468092,0.5343137254901961,0.016568681909367715,0.0001403134671223801
49,0,Finance,Accountant,2,0.3944613186036805,229,0,72062,0,90.33164196024283,Medium,0.788922637207361,0.5194174757281553,0.20489010238152336,0.0017225385091863778
40,1,Sales,Manager,9,0.3080310877764133,154,1,77656,0,47.43678751756765,Medium,2.77227978998772,0.49282296650717705,0.15180479445440465,0.0020002018686780085
35,1,Marketing,Analyst,10,0.1059952131800213,183,0,78975,0,19.397124011943898,Medium,1.059952131800213,0.42105263157894735,0.04462956344421949,0.0005792088151913732
57,1,HR,Analyst,5,0.1159791225964911,220,1,82219,0,25.515406971228042,High,0.5798956129824555,0.5026178010471204,0.058293171566822746,0.0005271778299840504
45,1,Sales,Accountant,2,0.3641803114996725,156,0,96293,0,56.81212859394891,High,0.728360622999345,0.49282296650717705,0.17947642145677642,0.002334489176279952
43,1,Engineering,Engineer,9,0.104432199275361,234,0,70513,1,24.437134630434475,Medium,0.939889793478249,0.5343137254901961,0.05579955745595269,0.0004462914498947051
41,0,HR,Manager,6,0.0852094654419265,247,0,81385,1,21.046737964155845,High,0.511256792651559,0.5026178010471204,0.04282779414882169,0.0003449775928822935
32,1,Sales,Engineer,9,0.1976383920397513,159,0,75317,1,31.42450433432046,Medium,1.7787455283577618,0.49282296650717705,0.09740073866073869,0.0012430087549669894
45,0,Sales,Analyst,7,0.9618660436759182,247,1,72481,0,237.5809127879518,Medium,6.733062305731427,0.49282296650717705,0.4740296770268879,0.0038941945088093854
59,0,Sales,Engineer,10,0.1143675459848161,214,0,84131,0,24.474654840750645,High,1.143675459848161,0.49282296650717705,0.05636295328438306,0.0005344277849757762
32,0,Marketing,Analyst,5,0.4964679461867965,190,1,86091,0,94.32890977549134,High,2.4823397309339827,0.42105263157894735,0.20903913523654588,0.002612989190456824
53,0,Engineering,Engineer,5,0.2149843774850983,153,1,72604,0,32.89260975522004,Medium,1.0749218874254916,0.5343137254901961,0.1148691036562535,0.0014051266502294007
29,1,Sales,HR Specialist,8,0.2611470186530066,220,1,89766,1,57.45234410366145,High,2.089176149224053,0.49282296650717705,0.1286992484270798,0.0011870319029682118
34,1,Finance,Accountant,7,0.8838541735805158,219,1,83069,0,193.56406401413295,High,6.1869792150636105,0.5194174757281553,0.45908930375298634,0.004035863806303725
42,0,Finance,Accountant,7,0.2123107215564157,179,0,83920,1,38.00361915859841,High,1.4861750508949099,0.5194174757281553,0.1102778990608567,0.0011860934165162887
25,1,Sales,Manager,4,0.2011488085849492,206,0,98845,1,41.436654568499534,High,0.8045952343397968,0.49282296650717705,0.09913075255621899,0.0009764505271114039
57,1,Marketing,Analyst,2,0.7487456067446843,157,0,81252,1,117.55306025891542,High,1.4974912134893685,0.42105263157894735,0.31526130810302494,0.004769080297736842
55,1,Engineering,Accountant,3,0.3551576924077917,212,1,72256,0,75.29343079045185,Medium,1.0654730772233751,0.5343137254901961,0.1897656297669083,0.0016752721339990176
45,1,Finance,Analyst,10,0.2613088134643575,225,0,77244,1,58.794483029480446,Medium,2.6130881346435753,0.5194174757281553,0.13572836427517598,0.0011613725042860334
38,0,Sales,Engineer,1,0.4678078150259314,186,0,93822,0,87.01225359482324,High,0.4678078150259314,0.49282296650717705,0.23054643515632026,0.0025150957797093086
31,0,Marketing,Analyst,6,0.9217207282618706,187,1,73509,0,172.36177618496978,Medium,5.530324369571224,0.42105263157894735,0.38809293821552443,0.004928987851667757
36,1,Engineering,Manager,5,0.363328238453482,167,1,98405,0,60.6758158217315,High,1.81664119226741,0.5343137254901961,0.1941312646638703,0.0021756181943322276
45,0,Finance,Manager,10,0.4597407277363399,155,0,99071,1,71.25981279913269,High,4.5974072773633985,0.5194174757281553,0.2387973682902348,0.002966069211202193
51,1,Engineering,Manager,5,0.9039652677068304,170,0,91705,1,153.67409551016118,High,4.519826338534152,0.5343137254901961,0.48300104990217896,0.005317442751216649
45,0,HR,Manager,7,0.4645542592188038,195,1,97650,0,90.58808054766673,High,3.2518798145316263,0.5026178010471204,0.23349324023562912,0.002382329534455404
33,1,Finance,Manager,8,0.3736988418939307,171,1,76234,0,63.90250196386215,Medium,2.9895907351514457,0.5194174757281553,0.1941057091390805,0.0021853733444089514
25,1,Engineering,Accountant,4,0.7015932931636033,194,0,80690,0,136.10909887373904,High,2.806373172654413,0.5343137254901961,0.37487092624918017,0.003616460274039192
31,0,Sales,Analyst,4,0.8644199492712148,162,1,83201,1,140.0360317819368,High,3.457679797084859,0.49282296650717705,0.4260060037078236,0.0053359256127852766
41,1,Marketing,Manager,3,0.949071155703,226,1,96167,1,214.490081188878,High,2.8472134671090004,0.42105263157894735,0.39960890766442103,0.004199429892491151
52,0,Marketing,HR Specialist,3,0.7850547151359385,223,0,79419,0,175.06720147531428,Medium,2.3551641454078154,0.42105263157894735,0.3305493537414478,0.003520424731551294
45,0,Marketing,Analyst,7,0.2377073788458646,161,1,90686,1,38.2708879941842,High,1.6639516519210522,0.42105263157894735,0.10008731740878508,0.0014764433468687243
34,0,Engineering,Manager,2,0.2092821437166045,194,0,80428,1,40.60073588102127,High,0.418564287433209,0.5343137254901961,0.11182232188779358,0.0010787739366835284
54,1,Engineering,Analyst,4,0.1094978122988363,181,0,99206,0,19.81910402608937,High,0.4379912491953452,0.5343137254901961,0.05850618402241743,0.000604960288943847
50,0,HR,Analyst,2,0.7439983363597694,246,1,83793,1,183.02359074450328,High,1.4879966727195388,0.5026178010471204,0.37394680780386313,0.003024383481137274
37,1,Engineering,Manager,9,0.6070274084729331,152,0,93376,1,92.26816608788583,High,5.463246676256398,0.5343137254901961,0.3243430760958319,0.003993601371532454
46,0,Engineering,Accountant,2,0.0665284657293517,233,0,98551,0,15.501132514938947,High,0.1330569314587034,0.5343137254901961,0.03554707237499674,0.00028552989583412744
42,0,HR,Manager,6,0.3592380580502808,232,0,98112,0,83.34322946766515,High,2.155428348301685,0.5026178010471204,0.18055944278966993,0.0015484399053891415
58,0,Sales,Accountant,10,0.6748343768829334,209,1,70785,1,141.04038476853307,Medium,6.748343768829334,0.49282296650717705,0.33257387951646955,0.003228872616664753
47,0,Marketing,Engineer,10,0.1743978615603132,150,1,83328,0,26.15967923404698,High,1.743978615603132,0.42105263157894735,0.07343067855171082,0.001162652410402088
54,1,Finance,Engineer,10,0.8350643895930558,165,1,93647,1,137.7856242828542,High,8.350643895930558,0.5194174757281553,0.43374703731289793,0.005060996300563975
44,1,Sales,HR Specialist,6,0.7258355944896595,155,0,84642,1,112.50451714589722,High,4.3550135669379575,0.49282296650717705,0.35770845087289443,0.004682810287030061
33,0,Sales,Engineer,6,0.3242058183041204,211,1,81179,1,68.4074276621694,High,1.9452349098247224,0.49282296650717705,0.15977607313552344,0.001536520465896305
27,1,Sales,Manager,8,0.0388537701958044,205,1,78586,0,7.9650228901399025,Medium,0.3108301615664352,0.49282296650717705,0.019148030287884466,0.00018953058632099708
25,0,Finance,Engineer,7,0.1485177976169798,233,1,87748,1,34.604646844756296,High,1.0396245833188587,0.5194174757281553,0.07714273953891669,0.0006374154404162224
50,1,Engineering,Analyst,2,0.4852178471783338,170,1,70312,1,82.48703402031676,Medium,0.9704356943566677,0.5343137254901961,0.2592585556001882,0.0028542226304607873
32,1,Engineering,Analyst,1,0.4316645100356093,178,0,87579,1,76.83628278633846,High,0.4316645100356093,0.5343137254901961,0.23064427251902653,0.0024250815170539846
58,0,Finance,Analyst,8,0.0351459259912524,170,0,91437,0,5.974807418512908,High,0.2811674079300192,0.5194174757281553,0.018255408160504888,0.00020674074112501413
47,1,Sales,HR Specialist,1,0.1255320905566372,220,1,85742,0,27.617059922460182,High,0.1255320905566372,0.49282296650717705,0.061865097259969526,0.0005706004116210781
27,0,Finance,Analyst,5,0.6015691234448843,189,0,90525,0,113.69656433108314,High,3.0078456172244215,0.5194174757281553,0.31246551557574087,0.0031829054150522983
32,0,Sales,HR Specialist,5,0.0598648869818267,229,0,81642,1,13.709059118838315,High,0.2993244349091335,0.49282296650717705,0.02950279119200072,0.0002614187204446581
35,0,Sales,Engineer,4,0.8591138709442458,195,1,97250,0,167.52720483412793,High,3.4364554837769834,0.49282296650717705,0.4233910464462073,0.00440571215868844
40,0,HR,Analyst,1,0.7204774343372721,231,0,74148,0,166.43028733190985,Medium,0.7204774343372721,0.5026178010471204,0.36212478375067075,0.003118949932195983
53,0,Engineering,Accountant,1,0.5358590591960155,177,0,73721,1,94.84705347769474,Medium,0.5358590591960155,0.5343137254901961,0.28631685025669457,0.0030274523118418955
38,1,Engineering,Engineer,6,0.1256890186411599,183,1,87804,0,23.00109041133226,High,0.7541341118469593,0.5343137254901961,0.06715736780336484,0.0006868252384762835
53,0,Marketing,Analyst,7,0.8465984658493394,201,1,83172,0,170.16629163571722,High,5.9261892609453755,0.42105263157894735,0.3564625119365639,0.004211932665917111
55,1,Marketing,Analyst,1,0.200789301868004,170,1,85073,1,34.13418131756068,High,0.200789301868004,0.42105263157894735,0.08454286394442273,0.0011811135404000235
57,0,Marketing,Analyst,6,0.2965213339140977,239,1,99566,0,70.86859880546935,High,1.779128003484586,0.42105263157894735,0.1248510879638306,0.0012406750372974799
58,0,Engineering,HR Specialist,1,0.7875047728657362,232,0,99991,0,182.70110730485078,High,0.7875047728657362,0.5343137254901961,0.4207746090312022,0.0033944171244212765
30,0,Sales,HR Specialist,8,0.8969251246541502,204,1,82078,0,182.97272542944663,High,7.175400997233202,0.49282296650717705,0.44202530066687784,0.004396691787520344
47,1,Engineering,Manager,7,0.8890446727415144,211,0,94130,1,187.58842594845956,High,6.223312709190601,0.5343137254901961,0.47502877121973075,0.004213481861334191
45,1,Engineering,Analyst,2,0.8260198518223637,227,1,72752,0,187.50650636367655,Medium,1.6520397036447274,0.5343137254901961,0.4413537443560669,0.003638853972785743
59,0,Sales,HR Specialist,7,0.3200965267703672,249,1,99584,0,79.70403516582144,High,2.2406756873925704,0.49282296650717705,0.15775091989161638,0.0012855282199613141
50,1,Marketing,Analyst,1,0.3613422175949536,227,0,91504,1,82.02468339405446,High,0.3613422175949536,0.42105263157894735,0.15214409161892783,0.0015918159365416458
56,1,Engineering,HR Specialist,7,0.3567419393446823,189,1,94294,1,67.42422653614496,High,2.497193575412776,0.5343137254901961,0.19061211464985475,0.0018875234885962027
42,1,Engineering,Engineer,1,0.6701467559072453,235,0,89725,1,157.48448763820264,High,0.6701467559072453,0.5343137254901961,0.35806860977396926,0.0028516883230095542
47,0,HR,Analyst,7,0.4267792705060792,186,0,93028,1,79.38094431413073,High,2.9874548935425547,0.5026178010471204,0.2145068584742597,0.002294512207021931
32,1,Engineering,HR Specialist,7,0.8526088566609565,152,0,77213,1,129.5965462124654,Medium,5.968261996626696,0.5343137254901961,0.45556061458845226,0.0056092687938220824
38,0,Engineering,Engineer,3,0.9686851668543272,232,0,94306,0,224.7349587102039,High,2.9060555005629816,0.5343137254901961,0.5175817803290277,0.004175367098510031
47,0,Sales,Analyst,8,0.3300871766793729,162,1,93791,0,53.4741226220584,High,2.640697413434983,0.49282296650717705,0.1626745416171072,0.002037575164687487
26,0,Finance,Manager,5,0.9731695418009249,178,0,83381,1,173.22417844056463,High,4.865847709004624,0.5194174757281553,0.505481266857762,0.0054672446168591285
40,1,Marketing,Manager,7,0.5626985139677804,172,0,75542,1,96.78414440245822,Medium,3.9388895977744625,0.42105263157894735,0.23692569009169698,0.0032715029881847696
28,0,HR,Manager,7,0.275060304713645,230,1,99002,0,63.263870084138354,High,1.925422132995515,0.5026178010471204,0.13825020551052314,0.0011959143683201957
39,0,Engineering,Engineer,4,0.9048225034098516,223,0,96208,1,201.77541826039692,High,3.6192900136394064,0.5343137254901961,0.48345908270428345,0.004057500015290814
31,0,Sales,Engineer,1,0.2989316232766223,203,0,75599,0,60.68311952515433,Medium,0.2989316232766223,0.49282296650717705,0.1473203693659909,0.001472569572791243
45,1,Marketing,Manager,6,0.6202523281326736,194,0,85262,0,120.32895165773868,High,3.7215139687960415,0.42105263157894735,0.261158875003231,0.003197176949137493
38,1,HR,Engineer,10,0.4299398484711918,195,1,90263,0,83.83827045188241,High,4.299398484711919,0.5026178010471204,0.21609542122112257,0.002204819735749702
42,1,Sales,Manager,7,0.1135191903357104,232,1,94611,1,26.33645215788481,High,0.7946343323499727,0.49282296650717705,0.05594486413673766,0.0004893068548953034
48,1,Engineering,Manager,10,0.5278602043135839,178,1,92936,1,93.95911636781794,High,5.278602043135839,0.5343137254901961,0.2820429523048071,0.0029655067658066513
27,1,Marketing,Analyst,1,0.3658943966195177,169,1,89082,0,61.8361530286985,High,0.3658943966195177,0.42105263157894735,0.15406079857663904,0.0021650556012989216
36,0,Engineering,Engineer,6,0.5805158403937568,242,0,92977,0,140.48483337528916,High,3.4830950423625406,0.5343137254901961,0.31017758138686025,0.0023988257867510613
43,1,Marketing,Analyst,4,0.5638066342176654,246,1,85800,0,138.6964320175457,High,2.2552265368706617,0.42105263157894735,0.237392267039017,0.0022918968870636806
36,0,Finance,Accountant,8,0.0847189650483825,207,0,94151,0,17.536825765015177,High,0.67775172038706,0.5194174757281553,0.044004510971732656,0.0004092703625525725
51,0,Engineering,Accountant,1,0.6848440154803075,161,1,97101,1,110.2598864923295,High,0.6848440154803075,0.5343137254901961,0.3659215572909486,0.004253689537144767
52,1,Sales,Analyst,2,0.9500950055958152,228,0,90009,1,216.62166127584587,High,1.9001900111916303,0.49282296650717705,0.46822863912138263,0.004167083357876382
30,0,Sales,HR Specialist,10,0.1476029083896921,227,0,96568,1,33.505860204460106,High,1.476029083896921,0.49282296650717705,0.07274210317769515,0.000650233076606573
41,1,Marketing,Engineer,4,0.9316622820918884,244,0,82011,0,227.32559683042078,High,3.7266491283675536,0.42105263157894735,0.3922788556176372,0.0038182880413601982
36,0,Finance,HR Specialist,3,0.4869831968804505,175,0,80787,1,85.22205945407883,High,1.4609495906413514,0.5194174757281553,0.25294758284567087,0.0027827611250311455
28,0,Engineering,Engineer,8,0.4519842360218168,221,0,92597,0,99.88851616082151,High,3.6158738881745345,0.5343137254901961,0.24150138101165702,0.002045177538560257
25,1,Sales,Accountant,8,0.9525851941903404,150,1,78199,0,142.88777912855105,Medium,7.620681553522723,0.49282296650717705,0.46945586125169886,0.006350567961268936
39,0,Sales,Manager,10,0.4750346177525851,176,1,82555,0,83.60609272445498,High,4.750346177525851,0.49282296650717705,0.23410796951443189,0.0026990603281396883
41,0,Sales,Analyst,7,0.9569206477006452,186,1,71559,1,177.98724047232002,Medium,6.698444533904516,0.49282296650717705,0.47159247231180124,0.005144734665057232
43,1,Engineering,Engineer,7,0.0614079768998598,168,0,87535,1,10.316540119176446,High,0.42985583829901863,0.5343137254901961,0.03281112491217999,0.000365523672022975
39,1,HR,Manager,6,0.1964440082921865,223,0,75657,0,43.80701384915759,Medium,1.178664049753119,0.5026178010471204,0.09873625547670106,0.0008809148353909708
57,1,Sales,Engineer,3,0.3837931922654971,204,0,72722,0,78.29381122216141,Medium,1.1513795767964912,0.49282296650717705,0.18914209953754163,0.0018813391777720446
25,0,HR,Analyst,3,0.5102146438116488,183,1,97170,0,93.36927981753173,High,1.5306439314349465,0.5026178010471204,0.2564429623346507,0.002788058162905185
36,1,Finance,Accountant,7,0.4805332100693907,161,0,82856,0,77.3658468211719,High,3.363732470485735,0.5194174757281553,0.24959734697779032,0.0029846783234123648
50,1,HR,HR Specialist,8,0.3237679554937616,150,1,87741,1,48.56519332406424,High,2.5901436439500927,0.5026178010471204,0.16273153783979638,0.0021584530366250774
35,0,Finance,Engineer,1,0.6365942338553944,241,0,81235,0,153.41921035915004,High,0.6365942338553944,0.5194174757281553,0.33065817001226794,0.0026414698500223832
56,1,HR,Accountant,6,0.1072324184272185,175,1,75531,1,18.765673224763237,Medium,0.643394510563311,0.5026178010471204,0.05389692235085328,0.0006127566767269629
46,1,HR,Manager,3,0.2804827178658748,243,0,82067,0,68.15730044140759,High,0.8414481535976244,0.5026178010471204,0.14097560688546587,0.0011542498677608018
54,0,Finance,Analyst,9,0.2091251514192021,165,0,76960,1,34.50564998416834,Medium,1.8821263627728189,0.5194174757281553,0.10862325826143021,0.0012674251601163763
49,1,Finance,Accountant,10,0.3154900012749525,216,0,90788,1,68.14584027538974,High,3.1549000127495255,0.5194174757281553,0.16387102007970836,0.0014606018577544098
53,0,Sales,Engineer,7,0.3108225462753972,158,1,86198,0,49.10996231151275,High,2.17575782392778,0.49282296650717705,0.15318048931275555,0.0019672313055404886
38,1,Sales,Manager,7,0.1641706192995858,198,0,75386,0,32.505782621317984,Medium,1.1491943350971006,0.49282296650717705,0.08090705161654228,0.0008291445419170999
29,0,Marketing,Engineer,6,0.4145641771757704,221,1,91913,0,91.61868315584525,High,2.487385063054622,0.42105263157894735,0.1745533377582191,0.001875856005320228
32,1,Sales,Analyst,8,0.3287770910149319,173,1,93766,1,56.87843674558322,High,2.6302167281194553,0.49282296650717705,0.1620289013135789,0.0019004456128030747
45,1,Engineering,Analyst,9,0.6345458169290162,173,0,75754,0,109.77642632871981,Medium,5.710912352361146,0.5343137254901961,0.3390465394375626,0.0036678948955434464
48,0,Sales,Manager,2,0.0752314962513943,163,1,97670,1,12.262733888977271,High,0.1504629925027886,0.49282296650717705,0.03707580915738571,0.0004615429217876951
52,1,Marketing,Manager,3,0.155503386494508,175,0,78446,1,27.213092636538903,Medium,0.46651015948352403,0.42105263157894735,0.06547511010295073,0.0008885907799686172
37,1,HR,Engineer,1,0.2097879578504016,248,1,96848,1,52.027413546899595,High,0.2097879578504016,0.5026178010471204,0.10544316206093483,0.0008459191848806517
45,1,Finance,Analyst,2,0.2128392232458642,220,1,77108,0,46.82462911409013,Medium,0.4256784464917284,0.5194174757281553,0.1105524120743081,0.0009674510147539283
38,1,Finance,Analyst,5,0.6216113367748421,154,0,98956,1,95.7281458633257,High,3.108056683874211,0.5194174757281553,0.3228757914315928,0.004036437251784689
45,1,Finance,Accountant,7,0.7412150794792167,222,0,91590,0,164.54974764438612,High,5.188505556354517,0.5194174757281553,0.38500006555473876,0.003338806664320796
37,0,Marketing,Manager,10,0.9999772724800344,157,0,86167,1,156.9964317793654,High,9.999772724800344,0.42105263157894735,0.4210430620968566,0.006369281990318691
52,1,Marketing,Engineer,10,0.6809157826793361,215,1,99586,0,146.39689327605726,High,6.809157826793361,0.42105263157894735,0.28670138218077307,0.003167050151996912
43,0,Marketing,Engineer,10,0.151175626283633,173,1,93970,0,26.153383347068512,High,1.5117562628363301,0.42105263157894735,0.06365289527731915,0.0008738475507724452
30,1,Finance,Analyst,7,0.9343940616124192,239,1,76601,0,223.3201807253682,Medium,6.5407584312869345,0.5194174757281553,0.48534060481810126,0.003909598584152382
47,1,Sales,Accountant,1,0.3219388780603254,184,1,98703,1,59.236753563099874,High,0.3219388780603254,0.49282296650717705,0.1586588729196819,0.0017496678155452467
30,0,Engineering,Accountant,6,0.984407189513569,245,0,87689,1,241.1797614308244,High,5.906443137081414,0.5343137254901961,0.5259822728283285,0.004017988528626813
45,0,Engineering,Analyst,4,0.7624603392634594,201,0,81628,1,153.25452819195533,High,3.0498413570538374,0.5343137254901961,0.4073930244103778,0.0037933350212112408
38,1,HR,Manager,10,0.2283437358196289,213,1,72043,1,48.63721572958096,Medium,2.2834373581962892,0.5026178010471204,0.11476962638054647,0.0010720363184020137
41,0,Marketing,Engineer,5,0.5727368149757425,218,1,74360,1,124.85662566471186,Medium,2.8636840748787122,0.42105263157894735,0.24115234314768103,0.002627233096219002
59,1,Marketing,Manager,2,0.4885056067842929,150,0,79792,0,73.27584101764393,Medium,0.9770112135685858,0.42105263157894735,0.20568657127759699,0.003256704045228619
26,1,Engineering,HR Specialist,6,0.6380453646217108,237,1,99672,0,151.21675141534547,High,3.828272187730265,0.5343137254901961,0.34091639580277683,0.0026921745342688218
58,0,Engineering,Accountant,1,0.7663230191243772,178,1,78851,1,136.40549740413914,Medium,0.7663230191243772,0.5343137254901961,0.4094569072772407,0.0043051855006987485
28,0,Marketing,Analyst,2,0.019367478943716,177,1,88384,1,3.4280437730377322,High,0.038734957887432,0.42105263157894735,0.008154727976301474,0.00010942078499274577
49,1,HR,Analyst,1,0.2041073818212304,218,1,70487,0,44.49540923702823,Medium,0.2041073818212304,0.5026178010471204,0.10258800342847181,0.0009362723936753688
41,1,Finance,Manager,7,0.4587861666729169,169,1,76520,1,77.53486216772295,Medium,3.2115031667104184,0.5194174757281553,0.23830155259224323,0.0027147110454018753
50,1,HR,Manager,5,0.5105835775399054,173,1,94861,1,88.33095891440362,High,2.5529178876995267,0.5026178010471204,0.2566283949938791,0.002951350159190204
53,0,HR,Manager,7,0.5058613496808848,239,1,99361,1,120.90086257373147,High,3.541029447766194,0.5026178010471204,0.25425491921133475,0.0021165746848572586
33,1,Finance,HR Specialist,9,0.1057016554014333,160,0,99241,0,16.91226486422933,High,0.9513148986128996,0.5194174757281553,0.054903287028899815,0.000660635346258958
34,0,Engineering,HR Specialist,9,0.6443200836090768,203,0,81516,0,130.7969769726426,High,5.798880752481691,0.5343137254901961,0.3442690642813204,0.0031739905596506247
59,0,Marketing,Engineer,10,0.2573024819759059,183,1,72294,0,47.08635420159078,Medium,2.573024819759059,0.42105263157894735,0.10833788714774983,0.001406024491671617
32,1,Sales,Engineer,2,0.3230881138052778,177,0,89446,0,57.18659614353417,High,0.6461762276105556,0.49282296650717705,0.15922524268872543,0.001825356575171061
47,0,Marketing,Engineer,1,0.2763933600667677,186,1,80763,0,51.409164972418786,High,0.2763933600667677,0.42105263157894735,0.11637615160706007,0.0014859858068105788
34,0,HR,Manager,10,0.2166831396493005,181,0,85641,1,39.219648276523394,High,2.166831396493005,0.5026178010471204,0.10890880317451752,0.0011971444179519365
56,0,Engineering,Analyst,4,0.1614306955816135,242,0,76668,0,39.06622833075046,Medium,0.645722782326454,0.5343137254901961,0.08625463636468564,0.0006670689900066673
36,1,HR,Analyst,4,0.616643814499665,195,0,74143,0,120.24554382743467,Medium,2.46657525799866,0.5026178010471204,0.30993615807313,0.0031622759717931537
41,0,Finance,Accountant,9,0.8665491286535957,178,0,93351,0,154.24574490034004,High,7.798942157882361,0.5194174757281553,0.45010076099968316,0.004868253531761774
53,0,Finance,Engineer,3,0.517935082107338,214,1,77976,0,110.83810757097032,Medium,1.553805246322014,0.5194174757281553,0.26902453293924833,0.0024202573930249436
28,0,Finance,Accountant,4,0.1036288484057481,159,0,86012,1,16.476986896513946,High,0.4145153936229924,0.5194174757281553,0.05382663485152935,0.0006517537635581641
31,0,Finance,Analyst,8,0.3551597599446017,192,0,71174,0,68.19067390936353,Medium,2.8412780795568136,0.5194174757281553,0.18447618599064264,0.0018497904163781338
25,1,Sales,HR Specialist,10,0.5852541031771342,151,0,87104,0,88.37336957974726,High,5.852541031771342,0.49282296650717705,0.2884266632882528,0.003875854987928041
52,1,Marketing,Manager,6,0.0486414054591625,248,1,72136,1,12.0630685538723,Medium,0.29184843275497496,0.42105263157894735,0.020480591772278945,0.00019613469943210684
36,0,HR,Accountant,5,0.8038023798435385,211,1,85195,1,169.60230214698663,High,4.019011899217693,0.5026178010471204,0.4040053846334015,0.0038094899518651116
42,1,Sales,Accountant,8,0.1493050691083656,218,0,93571,0,32.5485050656237,High,1.1944405528669249,0.49282296650717705,0.07358096707254382,0.0006848856381117688
29,0,Marketing,Accountant,3,0.5931063474071039,154,0,96110,0,91.338377500694,High,1.7793190422213117,0.42105263157894735,0.24972898838193847,0.0038513399182279473
33,0,Marketing,Accountant,2,0.2442130758575019,243,0,91069,0,59.34377743337296,High,0.4884261517150038,0.42105263157894735,0.10282655825579028,0.0010049920817181148
26,0,Marketing,Manager,5,0.7962225320496449,202,0,86923,0,160.83695147402827,High,3.9811126602482245,0.42105263157894735,0.33525159244195574,0.003941695703216064
59,1,Sales,HR Specialist,5,0.3306053587375467,153,1,88048,0,50.58261988684465,High,1.6530267936877334,0.49282296650717705,0.16292991363620724,0.0021608193381539
44,1,Finance,Accountant,6,0.4177923418965106,192,1,83180,0,80.21612964413004,High,2.5067540513790636,0.5194174757281553,0.21700864360643995,0.0021760017807109927
28,1,Marketing,Engineer,9,0.2151602421075196,193,0,84814,1,41.52592672675129,High,1.9364421789676765,0.42105263157894735,0.09059378615053457,0.0011148199072928478
39,1,Engineering,HR Specialist,10,0.6506147687307012,172,0,80189,1,111.90574022168062,High,6.5061476873070125,0.5343137254901961,0.3476324009394433,0.003782644004248263
45,0,Sales,Engineer,10,0.7011042723380201,229,1,97497,1,160.5528783654066,High,7.011042723380201,0.49282296650717705,0.3455202873244788,0.003061590708899651
26,1,Engineering,Accountant,4,0.1075822930663591,227,1,80647,1,24.421180526063516,High,0.4303291722654364,0.5343137254901961,0.05748269580506442,0.0004739308064597317
57,0,HR,Analyst,5,0.8721557499138762,202,1,74675,1,176.175461482603,Medium,4.3607787495693815,0.5026178010471204,0.43836100519231475,0.004317602722345922
41,1,Finance,Engineer,5,0.1321944827933899,230,0,80031,1,30.40473104247968,High,0.6609724139669495,0.5194174757281553,0.06866412455773165,0.0005747586208408257
41,1,Engineering,Accountant,9,0.7580009093890284,195,0,79181,0,147.81017733086054,Medium,6.8220081845012555,0.5343137254901961,0.4050102898206083,0.003887184150712966
34,0,Sales,Manager,2,0.7965255847942795,233,0,96750,1,185.59046125706712,High,1.593051169588559,0.49282296650717705,0.3925461015971808,0.00341856474160635
49,0,Finance,Manager,7,0.2879065205487834,241,0,75992,1,69.3854714522568,Medium,2.015345643841484,0.5194174757281553,0.14954367814912536,0.001194632865347649
55,0,Finance,Accountant,7,0.8975282860305854,192,0,70411,0,172.3254309178724,Medium,6.282698002214098,0.5194174757281553,0.4661918767246245,0.004674626489742632
52,1,HR,Manager,6,0.0315707147561178,239,1,88770,0,7.545400826712155,High,0.1894242885367068,0.5026178010471204,0.015868003228205804,0.00013209504082057656
53,1,Sales,Accountant,6,0.5564725440616477,167,1,75826,1,92.93091485829517,Medium,3.3388352643698864,0.49282296650717705,0.274242449944257,0.0033321709225248367
58,1,Sales,Manager,2,0.958490392217687,235,1,73092,1,225.24524217115643,Medium,1.916980784435374,0.49282296650717705,0.47236607846134815,0.004078682520075263
51,1,Marketing,Analyst,7,0.3648879131540359,188,0,73232,0,68.59892767295875,Medium,2.5542153920782513,0.42105263157894735,0.15363701606485722,0.001940893155074659
55,1,Sales,Analyst,8,0.7079331319043227,248,1,90300,0,175.56741671227203,High,5.663465055234582,0.49282296650717705,0.348885706153805,0.002854569080259366
56,0,HR,Accountant,8,0.5994527382417407,189,0,92026,0,113.29656752768899,High,4.795621905933926,0.5026178010471204,0.3012956171267388,0.00317170760974466
41,0,Marketing,HR Specialist,10,0.6932841823480376,196,0,83462,0,135.88369974021538,High,6.932841823480375,0.42105263157894735,0.2919091294097,0.003537164195653253
38,0,Marketing,Accountant,10,0.4543757197438444,166,0,96098,0,75.42636947747816,High,4.543757197438444,0.42105263157894735,0.19131609252372395,0.0027372031309870143
40,1,HR,Accountant,10,0.2880846515153893,221,0,85546,0,63.66670798490104,High,2.880846515153893,0.5026178010471204,0.14479647406009097,0.001303550459345653
48,1,HR,Manager,8,0.6481939634855162,196,1,84317,1,127.04601684316117,High,5.185551707884129,0.5026178010471204,0.3257938245791076,0.0033071120585995723
37,0,HR,HR Specialist,3,0.8110500306512897,198,1,94820,0,160.58790606895536,High,2.433150091953869,0.5026178010471204,0.4076481829451508,0.004096212276016614
45,0,Engineering,HR Specialist,8,0.7255182219224305,163,0,98646,1,118.25947017335618,High,5.804145775379444,0.5343137254901961,0.3876543440663967,0.0044510320363339295
52,0,HR,Engineer,9,0.2343044463012269,238,1,81927,0,55.764458219692,High,2.108740016711042,0.5026178010471204,0.11776558557548576,0.0009844724634505333
29,0,Marketing,Engineer,10,0.924621599629222,169,1,96499,0,156.2610503373385,High,9.24621599629222,0.42105263157894735,0.3893143577386198,0.005471133725616698
32,1,Sales,HR Specialist,3,0.2981683980076915,159,1,80233,1,47.40877528322295,High,0.8945051940230746,0.49282296650717705,0.1469442344248432,0.0018752729434446007
39,0,HR,Accountant,8,0.920740421039858,232,0,76158,1,213.61177768124705,Medium,7.365923368318864,0.5026178010471204,0.4627805257582532,0.003968708711378699
33,1,Finance,Analyst,7,0.0589563114417999,211,1,97965,1,12.439781714219778,High,0.4126941800925993,0.5194174757281553,0.030622938467342667,0.0002794137983023692
42,0,Engineering,Analyst,9,0.1807998274420982,214,0,88567,0,38.691163072609015,High,1.6271984469788836,0.5343137254901961,0.09660382936857206,0.0008448590067387765
44,1,Engineering,Engineer,8,0.6330617441737039,242,0,79354,1,153.20094209003634,Medium,5.064493953389631,0.5343137254901961,0.33825357899477315,0.002615957620552495
50,0,Finance,Manager,2,0.540488894102509,228,0,70579,0,123.23146785537205,Medium,1.080977788205018,0.5194174757281553,0.2807393770338275,0.0023705653250110045
26,1,HR,Manager,2,0.8554305347854086,205,0,80344,1,175.36325963100876,High,1.7108610695708173,0.5026178010471204,0.42995461434240434,0.004172831877001994
46,1,Engineering,Engineer,8,0.8188350547086714,218,0,74975,0,178.50604192649035,Medium,6.550680437669371,0.5343137254901961,0.4375148086433587,0.003756124104168217
56,0,Sales,HR Specialist,2,0.65162912393342,189,1,94871,1,123.15790442341638,High,1.30325824786684,0.49282296650717705,0.32113779791934094,0.0034477731425048676
36,0,Marketing,Accountant,5,0.008963532688144,248,1,89084,1,2.222956106659712,High,0.044817663440719996,0.42105263157894735,0.0037741190265869473,3.614327696832258e-05
59,0,Sales,Analyst,7,0.2222705069714097,229,1,95026,1,50.89994609645282,High,1.555893548799868,0.49282296650717705,0.10954001061270431,0.0009706135675607411
27,1,Marketing,Analyst,2,0.7421485351046319,211,1,87852,1,156.59334090707733,High,1.4842970702092637,0.42105263157894735,0.312483593728266,0.0035172916355669754
39,1,Sales,Accountant,7,0.7136084660487285,221,0,82478,1,157.707470996769,High,4.9952592623411,0.49282296650717705,0.35168264116277054,0.0032289975839308984
52,1,Marketing,Analyst,3,0.3891799238440878,196,1,83804,1,76.27926507344121,High,1.1675397715322633,0.42105263157894735,0.1638652310922475,0.0019856118563473866
46,1,Sales,HR Specialist,1,0.355288042663971,205,1,81226,0,72.83404874611406,High,0.355288042663971,0.49282296650717705,0.17509410715018667,0.001733112403238883
27,1,Finance,HR Specialist,6,0.5970832873256853,228,0,76223,1,136.13498951025625,Medium,3.5824997239541116,0.5194174757281553,0.3101354939021763,0.0026187863479196724
26,1,Finance,Accountant,3,0.3825976127488706,222,1,88625,0,84.93667003024927,High,1.1477928382466118,0.5194174757281553,0.19872788623363666,0.0017234126700399577
49,1,Finance,Engineer,8,0.0285078533333527,231,1,85150,1,6.585314120004473,High,0.2280628266668216,0.5194174757281553,0.014807477216838538,0.00012341062049070432
54,1,Engineering,HR Specialist,1,0.798520719631728,214,1,75319,1,170.88343400118978,Medium,0.798520719631728,0.5343137254901961,0.4266605805875409,0.0037314052319239624
35,1,Engineering,Accountant,9,0.7190211720107731,213,1,81006,0,153.15150963829467,High,6.471190548096958,0.5343137254901961,0.38418288112340326,0.0033756862535717046
36,1,Marketing,Analyst,9,0.659800670360653,248,0,98348,1,163.63056624944196,High,5.938206033245877,0.42105263157894735,0.2778108085729065,0.0026604865740348913
38,1,Engineering,Accountant,5,0.9359134573891496,246,0,93085,0,230.23471051773078,High,4.679567286945748,0.5343137254901961,0.5000714061540064,0.0038045262495493884
27,0,Sales,Analyst,3,0.101518306547187,196,0,99501,1,19.897588083248653,High,0.304554919641561,0.49282296650717705,0.05003055298736968,0.000517950543608097
52,0,Finance,Accountant,7,0.3815025844117866,221,0,92350,1,84.31207115500483,High,2.670518090882506,0.5194174757281553,0.1981591093789377,0.0017262560380623827
46,0,HR,Accountant,6,0.4123721036284398,228,0,87016,0,94.02083962728427,High,2.4742326217706387,0.5026178010471204,0.20726555993890167,0.0018086495773177184
36,0,Finance,Analyst,6,0.1116861588447785,242,0,95104,1,27.0280504404364,High,0.670116953068671,0.5194174757281553,0.05801174270092864,0.00046151305307759715
30,1,HR,Accountant,7,0.6157508088140333,207,0,75131,1,127.4604174245049,Medium,4.310255661698234,0.5026178010471204,0.30948731751909525,0.002974641588473591
25,1,Engineering,Accountant,2,0.0821825313449539,190,0,74810,0,15.61468095554124,Medium,0.1643650626899078,0.5343137254901961,0.04391125449313713,0.0004325396386576521
33,1,Sales,Accountant,9,0.9060169754478156,228,1,80805,0,206.57187040210195,High,8.15415277903034,0.49282296650717705,0.44650597354605265,0.003973758664244805
46,1,Finance,Manager,7,0.6247064716893934,215,0,80586,0,134.3118914132196,High,4.372945301825754,0.5194174757281553,0.32448345859594707,0.0029056114962297368
25,0,Marketing,HR Specialist,4,0.5946349518386737,201,1,70805,1,119.5216253195734,Medium,2.3785398073546946,0.42105263157894735,0.25037261130049415,0.0029583828449685256
50,0,Sales,Engineer,3,0.571187198456714,191,1,88532,1,109.09675490523236,High,1.713561595370142,0.49282296650717705,0.2814941695743614,0.0029905088924435286
42,0,Finance,Manager,8,0.4173531749064154,187,0,84212,0,78.04504370749967,High,3.338825399251323,0.5194174757281553,0.21678053259702157,0.002231835159927355
39,1,Engineering,Manager,6,0.6608567501851098,198,0,86674,1,130.84963653665173,High,3.9651405011106586,0.5343137254901961,0.3531048322067498,0.0033376603544702514
50,1,Sales,Manager,1,0.6007464280153564,156,0,85323,1,93.7164427703956,High,0.6007464280153564,0.49282296650717705,0.29606163677311825,0.0038509386411240795
33,1,Engineering,Analyst,6,0.3015212975786565,168,1,94407,1,50.65557799321429,High,1.8091277854719388,0.5343137254901961,0.16110696782388997,0.0017947696284443839
32,1,Finance,HR Specialist,6,0.6280225121808516,208,1,70299,1,130.62868253361714,Medium,3.7681350730851095,0.5194174757281553,0.3262058679774326,0.0030193390008694788
58,0,Marketing,Engineer,7,0.6823400303349135,233,1,72993,1,158.98522706803485,Medium,4.776380212344395,0.42105263157894735,0.2873010654041741,0.0029284979842700153
33,0,Engineering,Analyst,2,0.8539872082282832,241,1,88638,1,205.81091718301624,High,1.7079744164565664,0.5343137254901961,0.4562970867494258,0.0035435153868393493
35,1,Marketing,Accountant,7,0.0986102969456647,183,1,74369,1,18.04568434105664,Medium,0.6902720786196529,0.42105263157894735,0.04152012502975356,0.000538854081670299
46,1,Finance,Analyst,3,0.3767690018671086,235,0,76417,1,88.54071543877052,Medium,1.1303070056013258,0.5194174757281553,0.19570040388243018,0.001603272348370675
33,1,Marketing,Analyst,9,0.132682425395834,157,1,96779,0,20.831140787145937,High,1.194141828562506,0.42105263157894735,0.05586628437719326,0.0008451109897823822
35,0,Engineering,HR Specialist,1,0.9652968950627798,228,1,92364,0,220.0876920743138,High,0.9652968950627798,0.5343137254901961,0.5157713802051127,0.004233758311678859
44,0,Sales,Manager,8,0.4075607563102211,188,1,77127,1,76.62142218632157,Medium,3.2604860504817688,0.49282296650717705,0.20085530095671184,0.00216787636335224
30,0,Finance,Analyst,4,0.4902264461643565,168,0,88814,0,82.3580429556119,High,1.960905784657426,0.5194174757281553,0.2546321832018745,0.002918014560502122
41,1,Sales,Engineer,1,0.0082281265262676,240,0,77259,0,1.9747503663042238,Medium,0.0082281265262676,0.49282296650717705,0.004055009723471593,3.4283860526114996e-05
29,0,Marketing,Analyst,8,0.2478573703598555,228,0,87516,0,56.51148044204705,High,1.982858962878844,0.42105263157894735,0.10436099804625494,0.0010870937296484891
56,0,Sales,Manager,3,0.7085857031728879,159,0,99423,1,112.66512680448918,High,2.1257571095186636,0.49282296650717705,0.34920730826223667,0.004456513856433257
27,1,Sales,Manager,4,0.4469667668538275,212,0,81306,1,94.75695457301144,High,1.78786706741531,0.49282296650717705,0.22027548797102506,0.0021083338059142806
39,0,Finance,Accountant,4,0.7981448220213618,168,1,86404,0,134.0883300995888,High,3.1925792880854473,0.5194174757281553,0.41457036871983355,0.00475086203584144
32,0,Sales,Accountant,2,0.355787567426447,188,1,86611,0,66.88806267617204,High,0.711575134852894,0.49282296650717705,0.1753402844254739,0.0018924870607789734
30,0,Engineering,Manager,2,0.7645304717813176,180,0,94636,0,137.61548492063716,High,1.5290609435626352,0.5343137254901961,0.40849912462825305,0.004247391509896209
40,1,HR,Analyst,7,0.9365728276260455,202,0,84994,0,189.1877111804612,High,6.5560097933823185,0.5026178010471204,0.47073817514188676,0.0046364991466635915
48,1,Sales,Manager,7,0.5484576334636269,203,1,90845,1,111.33689959311626,High,3.839203434245388,0.49282296650717705,0.27029251792705056,0.0027017617412001325
49,1,HR,HR Specialist,5,0.1555593736121553,155,1,95332,0,24.111702909884073,High,0.7777968680607765,0.5026178010471204,0.07818691029720894,0.0010036088620139052
45,1,Finance,HR Specialist,2,0.3545242368460449,175,0,83449,0,62.041741448057856,High,0.7090484736920898,0.5194174757281553,0.18414608418702333,0.0020258527819773994
59,1,Engineering,Accountant,9,0.3251268153346212,180,1,85023,1,58.52282676023181,High,2.9261413380115906,0.5343137254901961,0.17371971995820445,0.0018062600851923398
50,1,HR,Analyst,7,0.3437590979350646,194,0,87163,0,66.68926499940252,High,2.4063136855454523,0.5026178010471204,0.17277944189406388,0.0017719541130673433
54,1,Sales,Accountant,5,0.320043844824578,229,1,90433,1,73.29004046482835,High,1.6002192241228899,0.49282296650717705,0.15772495701881117,0.0013975713747798166
49,0,Engineering,Engineer,9,0.351508974073736,193,0,95529,0,67.84123199623104,High,3.1635807666636238,0.5343137254901961,0.1878160694805746,0.0018212900211074404
27,1,Sales,HR Specialist,8,0.3342980480865616,185,1,82983,1,61.8451388960139,High,2.674384384692493,0.49282296650717705,0.1647497557555782,0.0018070164761435762
37,1,HR,Analyst,8,0.1353033369533748,235,1,86929,1,31.796284184043078,High,1.0824266956269983,0.5026178010471204,0.06800586569384283,0.0005757588806526587
54,0,Finance,Analyst,6,0.8830827690376937,192,1,90878,0,169.55189165523717,High,5.298496614226162,0.5194174757281553,0.4586886227525884,0.004599389422071321
30,0,Finance,Manager,5,0.9213256917719672,164,0,79455,1,151.09741345060263,Medium,4.606628458859836,0.5194174757281553,0.4785526651436917,0.00561783958397541
35,0,Marketing,HR Specialist,9,0.6582991423349401,177,1,95330,0,116.5189481932844,High,5.924692281014461,0.42105263157894735,0.27717858624629055,0.0037192041939827125
35,1,Marketing,Engineer,7,0.213662888795487,249,1,92100,0,53.202059310076265,High,1.495640221568409,0.42105263157894735,0.08996332159809979,0.0008580838907449277
46,1,Marketing,Engineer,5,0.7903140122362532,156,0,78569,0,123.2889859088555,Medium,3.951570061181266,0.42105263157894735,0.3327637946257908,0.005066115463052905
58,1,Marketing,Manager,10,0.3528702751332145,207,0,81636,0,73.0441469525754,High,3.528702751332145,0.42105263157894735,0.14857695795082715,0.001704687319484128
54,1,Sales,Accountant,4,0.5054887193116648,157,1,76669,0,79.36172893193138,Medium,2.0219548772466593,0.49282296650717705,0.24911645018708842,0.003219673371411878
59,0,Marketing,Analyst,5,0.0973752467205991,210,0,93794,0,20.44880181132581,High,0.48687623360299553,0.42105263157894735,0.041000103882357516,0.00046369165105047196
45,0,Engineering,HR Specialist,10,0.5737178170976025,216,1,96585,1,123.92304849308213,High,5.737178170976025,0.5343137254901961,0.3065453042335229,0.002656101005081493
45,1,Finance,Accountant,8,0.0937042804752162,194,0,85864,1,18.178630412191943,High,0.7496342438017296,0.5194174757281553,0.04867164082935987,0.0004830117550268876
47,0,Marketing,Manager,2,0.8896207566466521,243,0,78726,1,216.17784386513645,Medium,1.7792415132933042,0.42105263157894735,0.3745771606933272,0.0036609907680932186
46,1,HR,Analyst,8,0.9550947163759048,176,1,79044,1,168.09667008215925,Medium,7.6407577310072385,0.5026178010471204,0.48004760613658043,0.005426674524863096
39,1,HR,HR Specialist,3,0.3774348661357783,239,0,71403,0,90.20693300645101,Medium,1.132304598407335,0.5026178010471204,0.18970548245567914,0.001579225381321248
37,1,HR,HR Specialist,2,0.3048127149098943,241,0,74383,1,73.45986429328453,Medium,0.6096254298197886,0.5026178010471204,0.15320429649921388,0.0012647830494186487
59,0,Sales,HR Specialist,1,0.9405101237886104,159,0,73220,1,149.54110968238905,Medium,0.9405101237886104,0.49282296650717705,0.4635049892355353,0.0059151580112491225
